sku,revenue
sku2156,541.8443292748148
sku1128,151.71462634646224
sku2237,512.8045559771742
sku1182,229.93737249796843
sku0387,302.972892984359
sku2869,426.6916160718101
sku3258,748.1307470163891
sku2445,81.46223617403196
sku3686,228.96302778900446
sku0571,179.78531584747358
sku0252,30.830602674744565
sku2123,2039.3900699618698
sku3551,112.01120185423967
sku1132,601.6156509049949
sku0195,47.53656049143612
sku1536,541.6404285564065
sku1897,22.080455266493352
sku2072,71.21574962876036
sku0218,53.25020513144804
sku0352,434.94872910301285
sku1627,253.03568774893301
sku3073,205.80689405801132
sku1431,112.17871938936347
sku3231,171.60374458031714
sku1749,208.06717327758943
sku0403,87.26175520011678
sku0669,45.14960816992712
sku0499,139.58881675074954
sku3505,966.281603258398
sku0105,171.33092080127048
sku1381,142.1230651424353
sku0223,782.3911034175401
sku0511,115.03751264136092
sku0548,151.82285241022646
sku2987,238.02016989187695
sku1060,414.87532256837284
sku1817,100.188633495961
sku0626,455.36593963863896
sku1906,221.28641279948295
sku3403,50.08883113156503
sku0798,724.0516255516105
sku0617,122.28361927368127
sku1300,1126.1871354106913
sku3680,941.3041308675106
sku1218,165.09891751874636
sku2822,157.43648215029378
sku1452,215.97510323440832
sku2355,322.8916461971196
sku1808,216.68892216644866
sku1080,371.05622717621895
sku2078,313.7399956289301
sku0684,209.25601272529275
sku0904,44.102693491933685
sku3050,168.3245373271759
sku2926,1048.0051357072796
sku2828,543.0262226578282
sku1819,558.7977950916467
sku1521,491.6701447964041
sku1619,69.46143103979597
sku1148,538.2826006604473
sku3697,174.84203339832987
sku1187,1138.550362534808
sku2563,1208.6621160625518
sku0803,616.2650613759369
sku2350,72.63967447647636
sku2461,168.28492432853895
sku2654,902.9222286290415
sku2929,244.3493806911066
sku1162,373.84485896067457
sku2698,641.8424271179053
sku1552,201.3046201046564
sku3650,548.5039982697829
sku1151,314.7385579455774
sku3325,85.93033215838079
sku0831,99.20311312827553
sku0648,239.9103731842256
sku0211,274.54720771076575
sku3653,353.43483841178465
sku3816,100.43596852473985
sku3872,466.59943033032204
sku0061,470.2883790330826
sku2094,186.05954101978682
sku3078,442.9996227575688
sku1163,195.363668281122
sku3648,693.8540134356626
sku3330,157.76461104437917
sku2081,108.06010217656929
sku3636,634.9756880222733
sku3088,661.1771671345406
sku3561,401.26169098304706
sku2346,202.00679410665086
sku3737,329.1598240564087
sku2860,231.03075439488228
sku1556,64.29589252078223
sku2333,234.41351555235678
sku3667,329.15414094947664
sku3821,32.688962339471985
sku3245,685.7317208579784
sku0374,424.08805230445796
sku2395,712.5983587853111
sku0294,268.7265158482628
sku3335,154.17789893622
sku3430,282.4290759476485
sku3230,268.1675390515595
sku0091,1144.6779635401776
sku2936,740.8156097955698
sku3254,530.3863365406872
sku0068,609.621799159489
sku1904,414.616446496556
sku2289,157.1072173614615
sku1234,41.99710079913155
sku1415,1614.6361575594028
sku2442,467.6116551352713
sku0876,88.44714059248756
sku3728,8.481948535354508
sku3770,39.62491377086222
sku3494,89.46683076168713
sku2484,62.90114861202187
sku2697,158.28449534929763
sku2874,282.17088244071437
sku3284,339.7284531579467
sku2643,258.0634543993997
sku1138,164.93465595718007
sku2498,171.30117038823613
sku2876,298.12877335306837
sku0902,328.05547462014965
sku1779,1039.6830657633504
sku2263,23.753836936313917
sku2798,430.0827954214924
sku2011,531.7658882517646
sku3780,212.5338894143275
sku3167,530.0233006816337
sku0899,500.45714023289565
sku1052,439.5876251115269
sku3110,153.55141033932682
sku2731,184.13910416398232
sku1007,37.33508764412525
sku2531,277.1761636377287
sku2993,169.39184319314109
sku3054,455.67161831222137
sku1207,503.4615460473015
sku3560,500.3616294459545
sku1684,401.0584321881337
sku3364,273.98359711997847
sku3333,108.95627110182086
sku3513,549.2604140217306
sku1944,532.8561502206976
sku0702,95.50464326046308
sku0458,33.51359311496143
sku3234,245.7529105536703
sku2250,74.91465455494996
sku2897,19.303835277450396
sku3070,52.04750569462138
sku3182,242.9203614564363
sku0553,1135.9509645380238
sku0597,575.2943078630027
sku0037,88.74811838069498
sku2096,51.57945252201522
sku1828,190.9690893754415
sku1213,405.33484863715614
sku0331,135.8910804286636
sku1587,306.745316568364
sku0413,723.7381030493185
sku2785,312.1602274390551
sku2793,335.73048495473273
sku1907,640.5501416722112
sku2903,23.107027889476356
sku1998,227.831823344596
sku0231,633.0487305627972
sku0050,655.2798110913941
sku2502,582.0468953621487
sku1112,116.17510987514858
sku0850,225.88029026788448
sku0566,370.2876948683042
sku2097,133.10736063888737
sku0027,340.75405044544925
sku3052,270.8977992424951
sku1826,52.237840676154505
sku2675,629.6745559462795
sku2271,651.9000665234514
sku2274,307.16970652072996
sku1036,293.41786666428055
sku0638,135.68289653675967
sku1351,223.2794910716379
sku2757,68.86583657581322
sku0639,82.481436361266
sku3274,412.46867303584725
sku3530,237.98109828013827
sku0894,147.02280890274693
sku1654,113.49199264353588
sku2457,78.1181183637267
sku2117,929.0180197608481
sku0214,497.5502312298677
sku2988,114.34430339858056
sku3772,400.7113569271482
sku3287,238.4306031664157
sku0507,349.2031653773429
sku0020,1052.715949029084
sku3139,110.78475214715976
sku2118,75.28916618382259
sku1856,764.4725309272711
sku0258,465.58303057794564
sku1349,640.1853117969737
sku2554,786.5932080104394
sku1926,518.5434734789455
sku1535,588.5087473827688
sku1274,942.5145702780259
sku2272,1441.0983289523938
sku1340,632.6945563563327
sku0429,279.90179188898884
sku0754,356.3978841073921
sku1759,118.83668332190877
sku1680,228.70990166357967
sku3521,325.91841993771493
sku2472,293.76097513541174
sku0581,38.967617275860285
sku1878,129.48559208625636
sku3868,698.7343739704395
sku1480,111.8880193167623
sku1399,195.43252241843737
sku1183,88.89229387900093
sku1796,39.31555565805201
sku2603,998.8673880251405
sku0794,156.49905999723606
sku2738,77.62325303851725
sku0694,317.8951378128392
sku0491,991.648977062014
sku0233,55.86975365373287
sku3815,1086.8974944432052
sku0737,1159.6239062802283
sku2817,513.4322254962818
sku2298,297.73536581870917
sku3039,1084.173564161534
sku2269,300.4394219239216
sku2325,112.33805407267425
sku0253,296.0377176251753
sku0337,366.9805485854222
sku2103,140.38034289487356
sku3240,535.3847494074133
sku3843,363.8476014001381
sku2160,84.95256994843568
sku1667,634.2457135799527
sku1818,268.9289444253344
sku2522,75.26611975120747
sku3532,76.95206568862093
sku2398,1299.2732654276979
sku1989,373.2587470930956
sku1527,813.4448319729977
sku1406,307.20473612294256
sku0330,374.8179862652208
sku3239,235.57776148264492
sku3865,97.19070326962408
sku3319,360.3033739405986
sku2348,788.0950189111666
sku0716,349.0590006845098
sku0160,416.9860392905698
sku0119,108.43087436874056
sku0450,57.65865103456757
sku2557,305.6004218709717
sku0838,879.2014893963661
sku2464,252.8727485480221
sku0247,701.6168351137993
sku0918,591.9077520605161
sku2754,492.6113003547727
sku3528,444.84367938301
sku0420,217.6484405883018
sku3672,242.24764752107055
sku0389,357.9722798350408
sku1912,176.03366135485714
sku0915,961.3541224212732
sku3813,971.4287871417886
sku1690,1516.8759012912667
sku0771,7.922989205005021
sku3565,40.3011280085028
sku1166,400.321288966353
sku2341,351.67141228148404
sku2149,411.53906253508086
sku0946,228.37276487584916
sku0844,731.4757239290375
sku0472,307.84171502078834
sku3418,195.71242726064483
sku1956,4.555379868245332
sku3289,49.95381349971552
sku0019,613.1582638693515
sku2462,1178.4990518551147
sku2533,74.49997564826697
sku1519,203.04276893480917
sku1753,228.5286338399465
sku0398,676.0254582268726
sku2378,76.85355382460045
sku0767,491.9601707819371
sku3186,143.07050672857514
sku0960,409.9483074755709
sku0471,154.25485168582244
sku2943,21.47349434140526
sku3602,123.98069454712278
sku2951,223.3281352311142
sku3742,367.4304691306936
sku2040,775.6985500990876
sku1293,929.769339352599
sku2051,81.34504456417434
sku0467,235.84102830852814
sku3519,506.3840052499628
sku1915,470.6038160033274
sku1426,893.3677451712783
sku2451,201.448923558473
sku2915,534.657330721263
sku0381,134.19782844694868
sku0219,447.759212275232
sku1959,186.57982498482656
sku0888,273.95686754614894
sku3356,436.32750084838574
sku2209,360.05295901477956
sku2409,10.829695360340835
sku3378,1293.1089352872962
sku1832,45.202291961282505
sku3614,15.324115681207214
sku1987,173.92619783029573
sku1693,755.2052472703451
sku0220,456.63194183816614
sku1761,793.2546674532299
sku2222,400.8847057621233
sku2242,435.42041824497136
sku2208,408.24444039094385
sku0552,62.057025404612475
sku1031,673.0407220710024
sku1681,174.93615509015893
sku3290,93.46341007944034
sku0901,436.9189930981902
sku0861,639.0174602947833
sku3641,151.3488470576238
sku1092,196.93441283702376
sku1985,537.109080569894
sku1085,636.0740848133382
sku1533,268.72121530952194
sku3485,153.67014274859255
sku0201,169.47289096435026
sku0843,148.56614366373853
sku1968,81.153568345533
sku3051,54.45001656112286
sku2858,562.227242714546
sku3564,530.156686172942
sku0448,616.2267815050712
sku0747,175.17042989559857
sku0713,472.4175212147259
sku2865,259.4948813962348
sku0044,359.25143752326164
sku1388,428.5560335804915
sku0120,99.70984272528224
sku0977,383.88223661051984
sku3033,343.7280931578258
sku2530,262.973424030296
sku0200,144.573915739719
sku0751,78.05038607442731
sku0704,169.84516998839464
sku1794,423.4898111278876
sku0495,190.99114214933957
sku0444,372.1581915915748
sku2701,1168.5138960060735
sku3471,81.10487758695432
sku3858,273.582404795131
sku0069,676.4320084712248
sku2536,592.5476374758484
sku2234,606.5339795911656
sku3790,386.035143616171
sku3616,108.9185967745054
sku1825,370.61565244199863
sku0577,633.2763898346147
sku2147,124.00819796521732
sku2795,1131.07061232792
sku3141,1362.6453179012403
sku1551,617.9839027632987
sku2420,171.05949982220733
sku3841,59.96550391046229
sku2360,224.48881546063004
sku2316,332.517076615763
sku1611,764.0298202630886
sku0073,802.1647080243667
sku0726,58.10210591554917
sku1790,157.0169882604329
sku0384,77.71750546886507
sku2870,606.3987831782894
sku2711,494.93793374243086
sku1571,14.540428432865621
sku2946,706.5241729687589
sku1355,346.4895803334502
sku1974,287.51844308839156
sku1062,488.87951994635796
sku0574,859.2808809357387
sku2306,172.26884414465388
sku3655,91.41924786219974
sku1000,60.90474098769468
sku1971,235.27555502468488
sku1706,159.7905280067515
sku1184,609.6350143107243
sku1436,161.62793743428708
sku1656,83.6740796779887
sku2001,298.7313679003031
sku2881,393.6703182249697
sku3507,65.02147048781501
sku1103,663.9218441107384
sku3622,44.44555330833912
sku3036,321.5143184184825
sku2213,501.647212822351
sku0225,257.4860089706086
sku3558,85.18677902795417
sku1023,485.1032428822922
sku1882,184.94926736515143
sku3244,381.6361067162202
sku0527,95.2347747331607
sku1250,1331.3839948471332
sku1835,295.4894509497675
sku1115,44.68936045679456
sku0587,426.71830444513535
sku3395,163.32053449613724
sku1345,60.155799874437015
sku0254,368.31714933889367
sku1398,135.67456927599096
sku2773,11.561393939768935
sku3010,293.0084628370405
sku1960,337.9233487400129
sku1110,16.72407688755852
sku1037,493.7702123506061
sku1219,619.6590783698132
sku2528,191.52477905729833
sku1961,100.3523775404839
sku3367,28.82275656737647
sku0171,29.461788090293325
sku1180,563.5454416602901
sku2138,414.78259358058375
sku0588,164.3624771809012
sku2862,75.92273118470447
sku1990,272.33645535493713
sku2479,440.7199294939805
sku0569,903.9163718164523
sku2668,726.6036537340932
sku0508,816.6299518055563
sku0674,87.47904840516965
sku0326,1086.831309576292
sku3385,29.688018657749247
sku3763,187.5747994960387
sku0906,235.60538536753188
sku3133,891.0106674060291
sku1389,245.15818291321068
sku2921,396.80922546485704
sku1262,142.53515447085735
sku1397,343.6816590665755
sku0603,42.19884595595971
sku2666,453.6838272936145
sku2661,42.75002944022986
sku3888,365.30918277369494
sku2720,292.4958378479273
sku1746,630.2176124772676
sku1383,1170.4835478243788
sku0744,90.54400287460392
sku2572,741.7685903417007
sku2515,257.96345544819445
sku1314,409.45832308277977
sku2612,246.25340588881133
sku2801,63.095613404022444
sku1131,508.05779179046806
sku1284,9.169863080053394
sku0116,621.483083502806
sku2762,125.62155014024756
sku3192,342.02845720491223
sku2315,153.92090886281588
sku2470,216.1348236761375
sku2403,441.5573891904612
sku1864,215.1923035217516
sku2907,751.6860479636127
sku3883,360.85530711865573
sku3215,475.3232990554804
sku3900,43.05485594172846
sku0161,115.03843210793477
sku0323,504.35594044921606
sku2769,449.172199437741
sku1698,314.95503631591345
sku1936,618.8360842169255
sku0259,128.55160251871365
sku0493,67.02157335926006
sku2947,750.1922039036775
sku3099,284.3616630441345
sku3399,83.6935473146496
sku0941,160.35918249692753
sku2789,801.9686131936032
sku3478,689.3252359351787
sku1775,657.9885256994535
sku0600,439.74677135027764
sku3305,39.55505372424259
sku2841,596.7736729683495
sku3749,300.1780117376934
sku1777,378.1917508807842
sku0971,276.04002869278924
sku3331,224.5887439646703
sku0217,500.24926304170805
sku2924,485.9278987811326
sku3195,906.2452052886272
sku2867,485.4957456237088
sku3080,673.1201988185057
sku3183,59.8315074546066
sku0756,398.45902614643126
sku1787,54.87041227528013
sku1437,187.80406172708575
sku2127,251.24877039988982
sku2555,313.0162363546619
sku0473,683.507707958145
sku0290,94.64283134323514
sku3232,132.49616413399374
sku1930,29.854606048388707
sku0203,684.1149172342992
sku0370,138.7831489761733
sku3781,250.150507544785
sku0537,483.56334087687117
sku2875,78.8376826441979
sku1041,1150.3068020943444
sku3604,126.48078197113624
sku3649,115.84996436557215
sku2418,386.1209816307145
sku2399,141.34030770418286
sku2141,189.1720292652943
sku2321,247.93029178965213
sku1601,85.70494952957169
sku0522,348.3969853859237
sku1020,297.8565348590869
sku0516,221.6526743005205
sku2669,172.28091966393714
sku1940,220.7926451312091
sku1450,574.3024097282382
sku2819,54.64368561785775
sku1962,849.958216131555
sku3004,902.035890417696
sku2021,736.634832209973
sku1287,479.3574533967789
sku2229,579.2941733160432
sku2124,381.8042834677434
sku0283,184.593843477711
sku0229,1153.1742066746704
sku0940,412.8358107003256
sku1518,44.900749749305405
sku0333,722.744702255284
sku1411,412.9265239392055
sku2712,725.1962381400117
sku2683,596.7497579300773
sku2253,325.7293388939147
sku2004,564.0408106149695
sku2153,36.54245780567325
sku1938,419.2884200301552
sku0390,50.208918655744824
sku3557,366.66709237781595
sku0757,428.0281618548489
sku2296,182.02914202819449
sku1438,76.36475425827176
sku0350,133.54971635215776
sku3594,190.67459538112087
sku2365,152.32327299731523
sku0854,62.00531023679266
sku0430,121.86517848730179
sku0244,454.7694308509118
sku1385,534.6088716795992
sku2185,639.784905806339
sku0575,369.0063677665691
sku0407,1924.2797770518366
sku1365,222.79820739856498
sku0812,522.4999244603158
sku1699,901.2782944900267
sku1883,460.8499657477689
sku3867,102.76030265708702
sku1476,196.23227231479677
sku1199,513.4212162201857
sku2429,91.71439700507182
sku2953,35.376991070543546
sku2154,151.22603106892134
sku0856,114.1336652163266
sku1235,484.49013753984536
sku0067,142.693404146217
sku3018,128.6135999414547
sku1371,140.4200210271136
sku3048,192.9030648989779
sku1384,687.3573088031615
sku2104,163.52014965220792
sku3438,609.3504555767332
sku0383,227.79738663082475
sku1811,731.0651897763739
sku2827,692.975132501532
sku2917,385.1182723070429
sku1905,224.58926925078697
sku3288,305.3522803732249
sku1822,567.2378731707781
sku1581,31.737697669935827
sku2543,324.64893441325046
sku0753,364.01162151542434
sku0673,51.731886403730556
sku2165,48.00254209544495
sku0103,144.40712800721062
sku2996,1111.2956690310684
sku2854,139.72778470519896
sku3434,326.77891314954735
sku1088,109.8764599927146
sku3793,87.46830197789261
sku3322,214.93996064806868
sku1304,264.2997836612551
sku3878,1172.3960466910094
sku1747,202.73023527785736
sku2546,267.735087629571
sku3273,280.46972886200166
sku3098,91.94801759789412
sku1957,260.16178427303316
sku2000,172.16046498033586
sku1302,491.9748581526394
sku2426,200.4894291882154
sku0442,905.8141702882717
sku3294,425.3940541950328
sku2833,43.326959807334106
sku3292,419.29347178380664
sku2469,571.2801779345261
sku2277,80.42032927056091
sku3097,67.60673517037067
sku2868,381.28389001462716
sku1271,848.6365285120912
sku1517,404.11321625851735
sku3707,693.8807640837667
sku0602,586.9342373990511
sku3639,33.8203277098659
sku0035,341.31407931412247
sku2077,378.24871661979324
sku1963,56.59000187592582
sku3700,90.36855457055509
sku2192,162.2952937226762
sku2303,695.330290480794
sku3509,34.25720681475263
sku1764,390.4073311335826
sku0437,204.4017411749794
sku1040,20.905145095562947
sku2037,309.72325818795224
sku0954,81.82741990237461
sku0434,447.2804840390561
sku0978,546.1608473837227
sku1083,538.7091362333259
sku3613,310.69482710950433
sku1694,522.2204845170262
sku1935,87.39537434047361
sku2497,244.14775250891884
sku3459,514.1854761669451
sku1019,444.6817083400463
sku0269,151.11024610705056
sku1285,253.05364566907448
sku0222,814.0487060586994
sku1286,82.2561330901344
sku0874,205.12130039121868
sku3120,1446.323732457413
sku1496,1108.8792630562377
sku3766,67.81663129013737
sku1751,79.29574423612122
sku0701,636.0804245240338
sku2578,68.36208480541393
sku1739,453.81175594831774
sku2899,120.04797949015993
sku3445,326.3577475735291
sku3708,367.9497302451475
sku3699,856.0228279584601
sku3704,655.9787313563489
sku1608,217.1798387848938
sku1192,575.2932591698968
sku1123,190.36157233344275
sku3605,692.3487821376057
sku1288,166.26942484431177
sku2706,1025.2175086361726
sku0369,340.2884660286046
sku1756,32.70158607470716
sku1877,182.62311794590227
sku0336,142.05949532239285
sku3314,405.64678324778413
sku2067,442.5904638137747
sku3185,327.2896835911962
sku1986,692.813477239686
sku0966,86.7859419104071
sku2439,511.02172384299257
sku3574,60.38056195230888
sku2233,171.99392818788962
sku0134,1156.9410397023482
sku1243,287.08251442681143
sku1823,240.87349574632478
sku1176,179.11274845397026
sku3092,103.75832045821338
sku0085,715.0671131599477
sku0681,658.4224382586859
sku1016,747.6128778303934
sku3184,327.2275252242831
sku1301,179.8065150676139
sku1142,30.61855317007277
sku3150,769.7550905772235
sku3277,429.53119406889124
sku0313,125.16383719167966
sku3128,470.18789439423466
sku1660,434.3605609014974
sku0144,27.90118136361402
sku3839,640.7101752953258
sku2069,749.4261492498283
sku2133,225.15145061258596
sku0621,56.9281382150194
sku2959,57.10533037913138
sku0711,235.36192282739557
sku2906,283.7886540290868
sku0353,186.46876063791717
sku3066,65.39574855430979
sku3209,484.51558132912817
sku0886,392.9303590115535
sku3533,815.86920275612
sku2837,215.7021463391854
sku2547,133.92220522902934
sku1829,758.5044102077256
sku2573,280.20187492623256
sku2062,807.0185072915205
sku0071,593.8727796169219
sku3214,359.6594301980421
sku0193,805.0543130663543
sku2364,105.72598803667213
sku3847,78.81606604031656
sku0817,789.782098551292
sku1400,639.8279611894842
sku1466,927.3269139863849
sku2046,916.2639694436702
sku3000,434.6857786373988
sku0796,53.635026522680825
sku2200,333.69211956962795
sku0717,444.94537689531137
sku2960,425.5305450498057
sku2410,164.78191188725913
sku0226,67.41597125469988
sku2889,183.0586260543339
sku3481,117.96578131503021
sku1372,246.8235782713425
sku1448,84.23238769675567
sku3597,118.95485381712697
sku1215,43.988570982448216
sku1394,269.78280175457223
sku2962,668.0804130853006
sku3109,438.14527508111206
sku2836,73.70055827721728
sku3123,319.42665552131655
sku1514,386.9806390543146
sku0334,85.73120530904137
sku3168,50.262315821449306
sku0786,91.56996704294522
sku1368,487.7304900344517
sku1332,280.9692179620111
sku2824,295.5665242175898
sku1704,329.7093726825457
sku1885,768.3586624820799
sku2188,725.0634970050529
sku2221,683.3215783116686
sku1810,25.8403579782117
sku1638,490.61451262086763
sku1290,61.7356804356433
sku2851,173.0560809614949
sku0503,155.16259094203403
sku0705,57.721026981516474
sku0486,202.27324163536946
sku1934,522.591603149154
sku0260,188.54839522962868
sku2583,250.2680233104088
sku0285,27.56756107465867
sku0447,986.3384841459277
sku0872,437.10109212107875
sku3227,314.2006493663025
sku1543,192.9826408286596
sku3664,338.3272812930626
sku1537,410.53075219798745
sku1111,351.3294919820862
sku3718,134.723738417893
sku3838,404.79373722656976
sku2715,149.53590108478954
sku2589,704.9709562898411
sku1520,37.93363788530101
sku1508,380.6638697368036
sku0361,47.06502074125798
sku0656,145.32156153619258
sku2337,95.16262535102467
sku2286,414.73902382143785
sku3542,530.8403544087607
sku3678,48.076195092667234
sku3390,271.20338338670786
sku3486,216.33925512218448
sku3175,650.2048373993498
sku3810,398.84891334049354
sku3083,63.11165703221919
sku0706,192.68524032162657
sku3808,10.834082727741048
sku1227,109.35661514876782
sku2916,388.0729481924204
sku3504,616.9437747017884
sku3484,590.3021588631414
sku0864,894.4243107153417
sku1745,6.064664460005451
sku1649,199.72300129266145
sku2349,202.85605590385538
sku2564,416.37785754030773
sku2230,212.6168666061566
sku3053,79.36675825654932
sku1074,306.7757232590669
sku2193,31.71762021900974
sku2885,205.07966846722894
sku3368,43.96263907482103
sku2989,142.37756766360366
sku3775,160.81633777008662
sku0985,231.12881248418813
sku2487,159.03671087866294
sku2260,903.6779236940304
sku1871,47.724956617439574
sku2455,336.2262149040172
sku0893,429.07279620581335
sku1921,159.29944103531233
sku0687,531.8854998544123
sku2792,114.413652456348
sku0513,403.768175028252
sku0094,113.82764506823527
sku2831,18.31452561049372
sku1714,24.351857331030118
sku2620,581.8604372387409
sku3119,246.2490794005566
sku3327,295.6715456128313
sku2329,528.9024508048732
sku0445,194.33161248021722
sku2010,551.0848343876711
sku3626,73.6797960690158
sku3363,140.55895576147202
sku2275,632.5064864227797
sku1208,426.43472770465104
sku2246,34.43524350824896
sku3011,560.6268459880959
sku3826,178.50716453290502
sku3366,194.75359155947126
sku2139,274.2961083763154
sku1793,400.1086642839367
sku0760,328.57812994185156
sku1917,764.9497851134696
sku1278,333.6942370257917
sku3013,202.94128867137914
sku3044,998.1184647876709
sku2958,734.7475469763156
sku2047,506.10350189306087
sku1507,129.36139720245106
sku0863,1000.58985739792
sku1620,117.27845443412404
sku2299,1678.719008919587
sku1430,475.9757700362626
sku3682,70.61364107420411
sku0356,102.51834550981604
sku1703,608.9795905223099
sku0804,675.7403912535893
sku1964,236.9796657915305
sku3213,117.26300326818381
sku2904,528.4768371355852
sku1931,933.8368592413457
sku3411,225.2389234671428
sku3479,667.6788126559974
sku0614,755.2609071768272
sku1909,79.2072994014658
sku1101,277.4160367710711
sku2114,911.4610661600258
sku0680,106.02601902138292
sku0677,469.35964697058154
sku2150,589.5631111397145
sku1144,448.4660857452526
sku2766,54.32821008483197
sku3806,191.25022978515636
sku3586,80.93448018917923
sku2493,16.841803731988122
sku1913,264.76640473970184
sku1965,200.31877801004924
sku1360,90.6215930227802
sku3351,229.47004085410438
sku2305,582.9461291741997
sku3719,126.35582512663868
sku1538,862.9581493921569
sku1004,15.141636161521237
sku2173,289.6543768145336
sku1577,279.7945710408288
sku2623,29.61525325645907
sku2682,494.89708535756785
sku2002,34.43205112590533
sku2385,116.40941091685406
sku3698,138.59318341497374
sku2746,16.24156309485981
sku2660,374.9366952369383
sku1754,259.3978446066767
sku1789,347.0541044624654
sku3101,35.83181914000859
sku1565,332.5253653384729
sku1225,259.45331609499056
sku3153,153.51204006457374
sku3473,19.890624315947612
sku2595,344.8160585917027
sku2089,56.37659386719412
sku2633,187.1802198600204
sku2092,75.12257177360472
sku1503,202.77120575850546
sku0165,1110.8797789570083
sku1950,181.00116794334946
sku0824,286.9009535857427
sku2861,450.7901719123316
sku2191,68.18764351181412
sku1792,230.95924253225115
sku1903,205.29592155936092
sku3306,83.06460540589714
sku2013,260.2069630077184
sku2057,76.87179823461572
sku0924,1270.8939259502
sku0795,342.7518151372764
sku3236,348.0060375633969
sku3476,786.670345128904
sku2456,399.64573685741834
sku3315,50.09128205720953
sku2302,154.85198541971062
sku3347,271.22897629148383
sku3862,1301.4215827966696
sku1783,43.9061592647208
sku1468,169.94798908259722
sku1071,14.39149700098092
sku2863,393.5971730935773
sku1099,235.15940875873252
sku0047,399.8726013550231
sku1424,393.88031364214
sku2254,47.562971101701855
sku1252,63.822444682215014
sku2672,16.998810078147816
sku0743,26.742432940609618
sku1622,301.1889514101867
sku2955,241.35388155165936
sku2826,87.64169273648406
sku0845,112.2764252557254
sku1295,65.82566368136715
sku1354,280.5469354238259
sku0937,409.2883813681785
sku3216,175.14693627061598
sku3895,136.6161214217207
sku2144,315.43012550162354
sku0573,452.6652577440537
sku0232,173.41643608202725
sku2679,256.95877429751687
sku0842,654.2876709253386
sku3228,323.1204640175636
sku2750,338.38217472454994
sku1297,30.67947096239395
sku2252,197.93584057346868
sku0133,125.97248062114747
sku1741,268.99755735582585
sku3267,467.037591914744
sku0800,473.232370840162
sku2990,207.38701468784342
sku0733,1031.5726866354476
sku2800,409.2532442036752
sku1233,107.87080045461414
sku2017,623.9860660147204
sku3595,353.92368794490227
sku1539,497.60932063997075
sku3422,43.29048013202845
sku2722,1176.8954337180128
sku3774,77.10411027557623
sku2186,624.6201949704257
sku2386,10.704752514719111
sku0210,270.17629458813065
sku3731,533.7220114094189
sku1578,1206.5771289772347
sku0585,873.2070093232641
sku0051,284.3366808237489
sku2309,174.1621299411722
sku3534,292.46870705747773
sku2925,255.80301160831547
sku0651,307.57774630411353
sku0916,362.3675824556767
sku2495,23.757035451961347
sku0433,120.34922180611764
sku2477,253.17296328139122
sku2598,68.2526736440251
sku1954,448.2909692498098
sku2433,102.73613278570777
sku1502,506.2962312876624
sku2485,320.7909887577261
sku0974,90.10973107880012
sku2725,159.95129147428793
sku0515,202.67681146150255
sku0567,64.04145459926143
sku0518,564.4247613333788
sku3778,72.7492340140903
sku1512,158.48956965171416
sku2724,38.15402518801687
sku2324,563.0614804470619
sku0327,259.25830526335284
sku0536,784.8523289766002
sku3466,41.91117754407718
sku3628,127.37943403543332
sku3577,189.18303813082304
sku2645,69.89921413892561
sku2201,340.96452657354195
sku1125,93.03569995524417
sku0768,191.32258766470514
sku1413,323.28589242056586
sku1009,41.366208790920474
sku2520,35.43541661464394
sku3394,336.4377047887746
sku1423,198.10856487880392
sku1821,703.0570316607943
sku1637,136.04481145488626
sku1330,96.68024638453794
sku2796,85.31603992224667
sku2842,197.24926233643205
sku3428,238.73981864069864
sku3297,795.6593232469162
sku3491,453.49143304172566
sku3834,956.4759713436706
sku1867,75.16578723971382
sku0707,190.75856943689524
sku3750,393.76780986341925
sku2709,73.54496567448967
sku1344,423.2991225708433
sku2157,65.06551481952181
sku0339,730.4980359320219
sku3658,1030.4240100475627
sku3901,928.2279668041906
sku3609,26.937136848574227
sku1563,70.48880862513717
sku0025,160.7197142539988
sku2610,211.26789389930553
sku0482,130.6376960892828
sku3253,361.05471069096194
sku1158,864.241009818106
sku1402,56.2410622026581
sku2879,16.033127493528184
sku1157,260.4973846972541
sku2212,77.47923988533975
sku3067,630.3644195435253
sku3035,215.44637767915927
sku0652,264.1427687368464
sku2440,5.535479738307966
sku2872,102.06192206848537
sku2782,663.8459204274242
sku0611,658.0106871195507
sku2407,79.82840963953083
sku3657,98.59372491230945
sku3503,570.2489127614009
sku1231,339.9258466036438
sku2549,962.035822381599
sku3414,105.44887087299551
sku2384,527.7073122873702
sku2745,135.70175911825453
sku2749,161.15661645340333
sku1615,155.43550015411122
sku3007,282.0932241748819
sku2760,839.4115520852567
sku2855,1192.1688173786306
sku1776,99.21193940477266
sku0070,272.95869189940754
sku3132,210.1520718392875
sku2034,49.53950172090681
sku3540,869.1343504471462
sku3549,90.43259736697189
sku1838,411.1865229329291
sku3334,149.46273678402983
sku1090,42.96491497257715
sku1613,521.5700634959683
sku0155,142.12490640251565
sku0291,61.268373181303055
sku3257,33.45134059668317
sku0456,336.3198951055131
sku1523,215.72019703943573
sku1873,220.53793974778264
sku0054,18.163929047384784
sku0700,439.55607429915426
sku3828,590.4459344963418
sku1718,158.45323085456928
sku3773,204.24907434071855
sku0124,92.55812906011855
sku2108,194.58087365639076
sku2438,137.7831955070109
sku0031,350.35490199153037
sku2063,222.03819705850063
sku0162,1340.624197044682
sku2992,36.15294781935198
sku3585,803.3335729089617
sku0835,86.8510129789046
sku0311,469.83169107678884
sku3610,714.7809919345675
sku0945,372.0508807756231
sku3782,473.6862446000142
sku2726,50.3166223187481
sku2503,1072.890086702615
sku3860,786.7898954102889
sku1782,74.16417018853083
sku0520,18.772387369467964
sku1179,1055.7254222370939
sku3190,799.7808133645134
sku3832,80.5148423293628
sku0725,71.16846587249269
sku1050,13.531531308306075
sku2619,342.75296055536904
sku3222,614.8760461342152
sku3021,789.2084908504643
sku3891,214.7257039951498
sku2940,101.36851521889511
sku1335,236.13998784593718
sku3146,1511.0116356174683
sku3046,749.8064708167396
sku1185,74.7724391027792
sku0506,1176.6444621997414
sku1566,626.6109456617256
sku1922,333.8823269605501
sku2284,298.28061827553614
sku0635,370.5355051259735
sku0948,415.52187425666773
sku1174,20.81469333976624
sku2969,506.6455688322884
sku3441,904.09267844483
sku1860,248.63325335904864
sku1447,142.9514428640133
sku0446,190.8287662528172
sku3030,354.58977128025003
sku1139,151.69496702795084
sku3859,211.65115051764587
sku1091,283.8062526977599
sku0662,760.5312999800027
sku2873,419.5635273142251
sku3563,138.95929885142752
sku2781,525.9719325740095
sku0459,200.93615126877654
sku0781,386.8090869913948
sku3499,610.0988776477184
sku2380,811.1261713962227
sku0314,109.32811914865769
sku3072,154.22543310797002
sku0667,851.6952838987054
sku2617,186.19269223358063
sku2264,256.13653141067306
sku3350,97.43805469637022
sku1736,158.04995348201402
sku1679,372.05685624307506
sku0428,351.4715527487724
sku0900,143.6224515716521
sku1260,264.07636315049353
sku0808,289.5128340051989
sku0967,89.20658994853643
sku0421,203.72440758638209
sku2538,348.55578506357824
sku1676,44.935971329403955
sku0778,246.37843323648718
sku2971,1787.8034747078434
sku1489,3.6282831494476504
sku3271,48.92529241713
sku0075,419.91272974761
sku3892,42.74025547473072
sku1255,35.97090465973446
sku0732,446.58966539135884
sku1401,631.7706628870383
sku0101,69.70907481809463
sku1124,253.48850009780827
sku2966,39.9169163699735
sku1484,373.4974531928392
sku2952,124.07379789071034
sku3571,6.41857231017314
sku1246,196.3011938688273
sku2651,169.03962324130333
sku3134,252.96300107571497
sku1221,474.6454767083136
sku2693,356.04212947688075
sku3517,350.65888219773814
sku2849,336.5262322633184
sku1529,192.42418832496946
sku2171,854.258890823407
sku2448,6.1964203319046565
sku0979,465.7772153388471
sku3584,341.2366030514167
sku2686,539.230446579347
sku3387,780.5816274687537
sku1525,48.0210339678315
sku2095,777.443789679233
sku1643,74.0929837294243
sku3652,94.03939995237417
sku3745,730.5920827366249
sku2972,505.72845664983754
sku3633,236.6941197068075
sku1709,948.5187097515368
sku1159,164.39318312828232
sku3765,12.602627870491832
sku2466,776.3499120244185
sku0186,8.438917909864927
sku2702,344.1575635628435
sku0649,34.400167612111794
sku1702,477.73839767359266
sku1558,504.3530481057605
sku0504,81.11067943070452
sku2928,588.7990684256196
sku1461,195.26791062033487
sku2400,46.810117916459404
sku2848,454.2485166847347
sku2850,97.45287887249846
sku1870,135.35376259203377
sku1442,1037.7752306822058
sku3819,527.885906381849
sku0288,18.81804503124277
sku3276,131.95883960474615
sku3402,923.603415192814
sku1005,638.7757422601628
sku0820,305.7868033546443
sku3515,147.33814229177926
sku2023,230.62202489645438
sku1771,214.21141737986997
sku2652,240.28155876870517
sku3238,744.3232015222529
sku0826,797.9298782784766
sku3733,39.5674152681424
sku3205,44.53062487042432
sku1281,548.8649286830389
sku3817,269.8349972483318
sku3068,69.20309272262213
sku0246,253.8420905380744
sku1364,101.26452165897119
sku0964,205.59192463842942
sku2465,329.37778625732165
sku3455,312.21642194682295
sku2930,183.48097431171988
sku2771,289.0796167955765
sku3690,424.23870967499573
sku2676,466.1843805231795
sku2927,481.6477007011686
sku2080,943.1232992576914
sku3807,180.67338185393098
sku2427,1015.0283744394901
sku0143,178.87925210633395
sku0543,298.09412789953876
sku1908,68.25361663401479
sku2606,319.28242072936894
sku1650,131.22632313367802
sku2318,17.992473018448564
sku3026,148.9616615982834
sku2839,66.96059653554377
sku1102,871.272055829173
sku3158,80.5780299660046
sku2590,64.81136460648756
sku1283,1563.9018643530378
sku3338,615.1438028768225
sku1427,142.48736763266746
sku3615,268.12074006602455
sku2587,75.80022029553027
sku2244,162.40294826590537
sku2568,327.530149375966
sku0082,512.081951395754
sku3117,463.4583511258603
sku3726,488.5072226807116
sku3624,355.0902221896971
sku1526,526.4744412585691
sku2797,114.89183681706157
sku2638,272.44802356314915
sku2524,287.51450706215235
sku1788,35.88431012800871
sku0272,178.07905713876465
sku1470,289.10507414392015
sku0849,113.9552618270769
sku2140,774.9390174379362
sku3568,264.17868694026305
sku2482,106.41175416767469
sku0833,500.7441571434653
sku0230,491.20231556028773
sku1120,53.541493919589854
sku0623,278.01804642860515
sku0672,272.29632685063984
sku3442,81.91106544091252
sku1446,148.40504672200905
sku3732,336.99966131194475
sku2379,121.99500674607498
sku3085,17.202855166294945
sku0212,222.42670534621868
sku0986,180.9811815459798
sku3372,458.4608655569083
sku1165,532.236114902202
sku2883,599.3831731129231
sku3114,305.14185951817024
sku3091,322.77198443238115
sku0625,93.29513777887571
sku1550,312.57623869273294
sku3516,120.64297758549992
sku2585,418.2577616982884
sku1506,12.143075832175247
sku0846,208.68058868204872
sku3740,441.3835610264123
sku1420,410.2330601019048
sku0791,226.74060751546392
sku1358,90.78291022642176
sku0512,653.7719492016618
sku3474,372.4755277148504
sku0202,554.8934328467619
sku0344,491.0406335689802
sku2844,1260.4689288615486
sku0963,265.02198936494335
sku2741,490.7099206174737
sku2677,427.4056809650145
sku1716,36.261342895824846
sku3171,291.39606043463016
sku1387,488.71241995941097
sku2419,285.5822480077668
sku0769,331.1139569140133
sku3137,124.34580629208395
sku1140,239.77950600563318
sku1731,303.49398461454234
sku0104,199.59636970283987
sku3248,887.7024392932144
sku0028,72.76752616481339
sku0188,786.7470878433674
sku1458,239.67572221034226
sku2886,19.28480341070908
sku3771,414.3366282969274
sku1607,1351.0895056141994
sku2998,668.3643569292882
sku0030,57.825573389369794
sku1258,389.06896891094823
sku2220,106.30953209906187
sku3201,240.9875089972317
sku1646,558.5775656934807
sku3389,265.08974027535623
sku1433,261.68226231967856
sku1978,453.1093100017542
sku0815,842.053160965994
sku1861,958.8331829434657
sku0477,280.375825403279
sku3118,213.21981036576676
sku0813,153.14741753691476
sku1206,571.4855920484075
sku2413,764.4423244839323
sku0239,448.5691925695495
sku1095,194.91872254382588
sku3464,82.27358108381833
sku1784,499.87474536284384
sku1425,245.42123751710935
sku1879,14.676251732916285
sku0274,720.1899788295802
sku0018,115.3163420900265
sku1839,115.60864676184049
sku1997,83.06829648384762
sku3022,185.6643231984468
sku0764,436.66354256955134
sku2613,583.5638883756992
sku0183,633.749502017329
sku1628,292.56758213326856
sku3427,856.5396198280029
sku3805,532.1107684500861
sku0102,367.1395025458656
sku1116,416.0707450972074
sku1048,50.5918364710242
sku0289,35.98284913431846
sku3208,14.042865577043482
sku2949,524.6893408366383
sku0810,357.32941734308156
sku2016,579.4287951556064
sku0580,95.22951674658911
sku0261,292.42194652995295
sku2908,265.8860085592571
sku3365,206.20261036411682
sku1307,24.142232868503484
sku1204,498.35402184408946
sku2248,160.39396869016832
sku1263,74.9352991234075
sku2641,176.30341089278485
sku2276,980.7587163765133
sku2359,606.5394427982083
sku1589,733.5358282717123
sku2513,400.03023408159567
sku0266,161.94044095492006
sku3526,880.4523794558917
sku0572,176.21138581417947
sku0560,144.1475114325684
sku1362,93.43887441485056
sku0092,655.9164284883312
sku2852,500.3131539537815
sku1722,191.3810562348585
sku1316,820.0866900469807
sku2210,39.275219574971345
sku0318,226.6457803516662
sku0039,115.85828522414513
sku3623,148.53241841035543
sku3825,367.46860684701954
sku3343,706.3197179514896
sku1584,76.94956271528099
sku2519,34.878983585574446
sku3659,363.5885053271435
sku0714,65.01492186434595
sku2245,44.96659839025049
sku0556,788.8782300643967
sku1359,1022.2212821046719
sku1841,107.0646084239074
sku3103,37.302434451247535
sku2168,78.41638003413702
sku2777,980.4996332929481
sku1291,107.5613678681936
sku2240,216.37040215255237
sku1210,530.2932679908732
sku1803,600.7626102309176
sku1511,4.652644605091669
sku3795,214.89560140406908
sku0295,556.4411605830471
sku0762,116.39956517913853
sku3320,377.83619254422774
sku3853,79.27949175275896
sku2354,637.29648642325
sku2810,839.1793186679901
sku1272,534.4338643327615
sku0996,148.30597131801235
sku3304,487.2713840619746
sku2458,221.85241603643158
sku3023,32.33777255313754
sku1999,179.58264786061795
sku1929,72.37141287222525
sku2172,164.68558546915628
sku3487,510.1960810109513
sku1865,210.78316496334114
sku3233,39.151556635336696
sku3475,209.3914607540438
sku1006,665.7283384388106
sku2783,25.643973642252973
sku2772,165.8970999534542
sku1541,180.2244732100022
sku0138,622.8654317786571
sku0890,853.4951701831853
sku2700,319.51627223287016
sku0692,500.4507040033043
sku3104,101.3037466385995
sku3701,32.39438459682886
sku3850,669.8861336997267
sku3189,738.2775837813175
sku0470,697.4817028215359
sku0641,71.384081309402
sku3199,188.2474336102431
sku2025,180.49652270922024
sku2088,156.72787245811224
sku0734,70.9075513148284
sku0544,373.32742267089776
sku3848,223.8209424307352
sku0851,71.56456882638186
sku0789,200.85204537598185
sku0360,266.54162750385626
sku0665,67.98291031692861
sku1605,165.72463986834987
sku3301,40.79931914861055
sku3714,503.8341172840992
sku1087,149.9014034584525
sku0535,128.86173363539262
sku0310,99.1172794770338
sku2375,94.46579998397182
sku3034,465.97905144494644
sku1941,702.0149259013849
sku2965,1056.6806397881192
sku3032,219.4408274424423
sku0950,1066.7676933239093
sku2155,407.54164356612694
sku1320,24.908514391916476
sku1259,416.8656877292917
sku1895,203.46598222532026
sku3102,47.9616681267612
sku0241,334.5410992044265
sku2033,507.1942298071501
sku1310,203.49958203677352
sku2562,573.783183887741
sku0658,166.4180613261057
sku1209,147.42275944878372
sku1836,698.0779506375632
sku3550,29.43924551635807
sku3016,1000.3011163513695
sku2567,563.0758223690956
sku3555,90.30093659126571
sku2710,200.82791193035456
sku1353,253.43779795265772
sku2471,369.01505367342634
sku1664,18.332698067795704
sku3424,204.95610481176882
sku2163,121.86857338494063
sku1947,76.44899440695431
sku3420,44.23860188650643
sku0022,384.4500408575947
sku0151,149.87258786782655
sku1943,161.58665927513124
sku1530,334.4277504851034
sku3671,129.09561159267676
sku3886,669.0994151272439
sku2605,335.5442473004294
sku3371,48.37591973562741
sku1766,199.49691249324627
sku1160,151.11277257718424
sku3573,938.1646576932646
sku0917,25.166770489480204
sku1881,62.20204300126254
sku2637,127.51222485361106
sku3632,280.76651677963343
sku2756,233.44922604452552
sku2999,144.97351718561845
sku0905,55.7942537721817
sku3502,174.64112936288765
sku1833,529.683649858994
sku1573,66.43754078502693
sku2344,16.70994363003285
sku2195,83.86154818946942
sku2703,529.0381213203443
sku0622,12.723819815801226
sku1632,142.21359586474523
sku0594,149.78620293480893
sku1522,109.14382063632772
sku1955,759.3590247350724
sku1727,663.5411793892176
sku2291,87.82352112412059
sku0889,150.41461223743028
sku2161,76.5052735538894
sku3075,126.49080777286291
sku2170,290.7988160804978
sku2847,334.8990209091358
sku1604,92.30556455523252
sku0408,685.5504297873564
sku2934,82.89665695786243
sku1597,79.24235936806875
sku2217,825.8072052481052
sku1011,218.81777492078126
sku2402,92.11695301768182
sku0423,111.92507653126677
sku3354,54.19190457524272
sku1975,526.5153572181132
sku3598,202.9016908074898
sku1467,74.2369162434311
sku1732,57.94471524417904
sku0628,365.737025785765
sku0077,826.9722854770083
sku1721,398.02329226932966
sku1220,88.97630316362441
sku3514,64.83429513777482
sku0409,464.15652131108527
sku3529,611.8952408503795
sku0033,14.14376151970604
sku0805,278.55512272086764
sku1127,738.921146854931
sku1494,83.59053498720226
sku3882,74.92551711529399
sku2473,269.4569864675292
sku1617,426.12570042624645
sku2593,954.3888385573918
sku0818,121.75874080795053
sku0275,201.2277969632432
sku3743,923.7178610273897
sku1598,390.3690170372478
sku0209,719.6199460755456
sku3783,195.58268466943446
sku3443,438.56187013396277
sku2050,562.1934488082308
sku0676,315.1991920782223
sku1641,33.882151893416605
sku3786,191.67151028216972
sku0868,81.88636455883577
sku1769,14.04214390738593
sku0181,535.6203878116941
sku0690,167.73190323861928
sku1164,582.615863712136
sku2281,37.47859531835286
sku1217,149.88418906686545
sku0111,539.1971777596066
sku0277,413.31883420881263
sku0829,116.59282390760262
sku3270,90.78778208063365
sku3223,46.45735268308564
sku1687,16.925692540590383
sku2625,476.7559817181243
sku1640,40.43294767601478
sku3720,364.2767195554876
sku3286,203.60690101228235
sku2304,293.21189611591547
sku1670,54.99980377207917
sku2463,922.8541438985226
sku1347,112.43417182468846
sku1686,134.19454839207896
sku0510,51.08554474242295
sku2910,124.23295046070311
sku1229,326.30878607407
sku0449,392.2456899540864
sku3670,52.27750049500985
sku0159,250.98355792121427
sku2961,12.070633738639778
sku2688,413.55983976887603
sku3852,177.28722047998843
sku2551,447.951744107089
sku2330,441.23387491408596
sku1253,318.3660073271879
sku0406,298.1605321036928
sku3360,24.922805214157506
sku0607,1512.278700656631
sku0128,145.0979204750219
sku1043,59.820533119328374
sku0719,79.23588694472211
sku3570,164.20294275262341
sku3426,111.79938859237387
sku3218,442.2296403243188
sku1333,55.18134954238427
sku0117,951.1790349888784
sku0570,311.96094020653555
sku3058,87.94335367146178
sku2979,317.14569347094266
sku0303,308.87155881942294
sku3829,189.98744915528766
sku0590,178.31812100393736
sku0661,228.78411151685407
sku3587,55.69273612059702
sku2937,195.85637354829765
sku0505,209.0953070962513
sku3393,156.30730962555867
sku0076,57.112729280819714
sku0970,351.8931387772334
sku1457,1227.6534070102848
sku3392,520.1342464486702
sku0629,497.0838637722383
sku3265,118.09141103850574
sku0147,194.578795559667
sku1993,95.90624614912217
sku2474,37.14552924174007
sku0929,57.63207677836533
sku3225,346.65775411335574
sku1515,728.1364952813095
sku2268,194.59877007785946
sku3381,252.60817795050085
sku0256,365.0933738952778
sku2312,302.3456259330692
sku1201,353.40472130040064
sku3760,87.85665495722893
sku1488,114.62921606997568
sku2794,682.7581910396208
sku1738,25.761672590285464
sku1593,749.147913421572
sku3477,184.4763139980818
sku2838,357.8707604005216
sku2948,598.7526480062319
sku2896,141.02331272716822
sku2377,1080.478085813688
sku0100,91.56293800983784
sku0825,889.8646856364651
sku0741,441.93988175451784
sku0108,34.285398678883396
sku3729,297.85680055316
sku0853,87.31562849762149
sku2481,408.0921430768281
sku2670,994.3244000029931
sku3762,667.9552952895971
sku2280,89.57189920122553
sku2241,421.97311231053845
sku1222,169.7936757498769
sku1197,59.60159545575231
sku3785,511.3629790617647
sku2293,634.1077350766573
sku0391,28.67427691708266
sku2516,526.6063615220548
sku2065,10.74131943094758
sku2729,38.90584287031435
sku0944,539.138217954044
sku0346,464.80698335212765
sku3644,355.85842230840933
sku0040,675.776588256681
sku1734,38.010596984375944
sku0709,330.9446554102364
sku2656,367.3614040561809
sku0615,153.33422892973257
sku2175,138.80739590343603
sku2608,373.7865786565163
sku2115,108.75343652183503
sku2332,163.25219520026718
sku3358,174.64479061646063
sku3823,332.7826436415852
sku3706,449.5512369772424
sku2110,121.01643090582861
sku3647,11.696317908891722
sku3391,126.29626121516445
sku3497,19.849278417785364
sku0930,307.160095783226
sku0463,181.426448666741
sku1532,20.323645122378263
sku0371,12.37948457249227
sku2142,637.2077331588267
sku3552,94.29753662386015
sku3812,31.23896357230381
sku0727,189.10851391616524
sku2977,176.23055185374744
sku1035,117.96656770156687
sku1661,11.143859691468045
sku1973,18.587749949267472
sku1200,390.3226807783991
sku2475,1126.8929290176607
sku2422,149.494666620832
sku1592,47.33280754703991
sku0056,897.5738512051876
sku2447,185.22080741095073
sku2523,341.45899646856515
sku0790,276.67464159777626
sku0487,61.824828522613856
sku0306,89.19078937364428
sku0349,45.653747742872326
sku2570,78.6752927174972
sku3527,421.26569689247503
sku3638,301.2144762066844
sku1228,12.943057775200096
sku3281,376.6267172614658
sku0670,46.262288825181116
sku1133,245.61141873182405
sku1161,310.5724555164907
sku0474,242.2616448801649
sku3145,18.920713529751392
sku0377,149.36525547120465
sku2616,185.5825630962248
sku2083,246.45446260563392
sku1324,248.5738553849079
sku3020,295.28408963151617
sku2552,480.11459248454264
sku3019,339.325755502515
sku1564,226.9341449238031
sku0454,26.227340346598275
sku2024,407.7551230270879
sku1025,20.617241386902347
sku0539,21.433046834907266
sku2814,165.4114214805201
sku2022,68.6417650678575
sku1241,137.54651543662027
sku2345,787.1007672409951
sku0194,418.8511320405112
sku1805,70.795075239634
sku3268,63.94588614475437
sku1665,63.34398782603927
sku0609,186.19510100059398
sku3135,312.2043690662217
sku3796,29.936338733560664
sku0235,548.7818496621985
sku2942,43.904959950936885
sku0958,152.3815013189657
sku0561,162.1944582182725
sku0029,270.6361480212757
sku1992,216.77026276019592
sku2509,159.46765378682116
sku1018,590.2300042991953
sku2100,180.40187546236933
sku3269,502.3007531177717
sku2615,264.34900655825254
sku0797,268.8101641537097
sku1683,31.434015184453823
sku0935,450.457572093408
sku0542,85.34525136722445
sku3259,187.24293584321072
sku0723,104.40127245000558
sku1203,181.50424967849585
sku0466,883.5777565031995
sku0097,225.61263822728884
sku3138,404.2622408120082
sku2343,933.8900941159886
sku0228,30.30954704598507
sku1844,341.11565762060076
sku1238,199.01007156703758
sku1696,334.9359132042956
sku2182,46.44411046602401
sku3761,82.64883621765142
sku1073,19.881877640526167
sku1752,81.38069560574354
sku0419,14.530926025006114
sku2430,63.047567002873606
sku3800,564.7836372701742
sku1419,304.37554161714684
sku3601,121.06324859684679
sku2791,72.60344181141068
sku0468,360.3886534454258
sku0292,755.8057621768534
sku0388,285.5892571583758
sku2780,112.76095136904615
sku2588,253.60128303715265
sku2283,204.10284526640615
sku2105,330.8457056958479
sku2238,149.9653665375397
sku2707,397.2812140322711
sku3311,84.9941246632349
sku1900,396.39881002400944
sku0080,155.0944728941916
sku0766,196.5945218182187
sku1545,736.3178789383763
sku3684,143.31423538918003
sku1455,38.908083959909156
sku0379,39.77044368797657
sku3144,506.7320990852988
sku2073,39.58568723072646
sku1599,87.42953144548054
sku3174,200.81055650058352
sku3345,395.21660943968925
sku0879,443.74713457434876
sku2035,122.21164875435264
sku3127,252.75346357029815
sku1801,916.1112905341024
sku2055,206.49976179968021
sku3457,207.67725596145146
sku0278,926.1221031072101
sku3071,204.80253489038247
sku1945,762.4107502421058
sku1845,63.18105066417359
sku2521,61.0657635848131
sku3204,132.73371569655737
sku3831,263.9892220903383
sku3028,86.62348338947638
sku1373,68.16078941983903
sku2231,660.291022124262
sku2727,16.10967253554776
sku3006,357.93762321717986
sku1590,38.48947250229961
sku1485,18.894468653008225
sku2297,81.87039214353767
sku0180,443.4109963790848
sku3025,335.3709332988393
sku1326,35.679100709060044
sku1820,376.99964506775086
sku0502,500.9569444485522
sku3621,161.53820154831558
sku3897,195.3650438594179
sku0529,151.74593699379756
sku2273,196.1950282368531
sku1647,137.4574289670179
sku2529,78.26302961725452
sku2203,42.26928677844613
sku1299,680.467769474654
sku0132,357.9438154118067
sku0555,213.72959970889542
sku3024,273.438812071267
sku0090,100.8777794047168
sku2592,630.383233320142
sku1070,344.2015693394201
sku2266,672.7989793368178
sku3413,531.3005523743537
sku0956,840.3645695915283
sku0783,549.6511953195056
sku2008,78.9543667420898
sku2371,150.63187217834073
sku1063,39.10323264333436
sku0135,247.68710542104776
sku0780,60.08175531479651
sku0497,164.74417763080737
sku0907,173.17680142019873
sku3538,131.20158568957655
sku1553,409.00513984309305
sku1827,339.198166456126
sku0740,49.76896806207373
sku0453,142.95863196981088
sku1733,416.4176126022411
sku0779,249.77947000444328
sku2056,705.391613831911
sku0750,77.913056267968
sku0017,664.619329565697
sku1814,363.359086920634
sku3149,671.5577008198655
sku0141,220.26653213170871
sku3856,484.659989917031
sku0606,96.39590276774679
sku2748,416.89608294432117
sku3747,17.049298059672232
sku3451,13.276705055976768
sku0654,31.440035471075703
sku3663,46.055226240205684
sku0167,988.9249938526222
sku0436,75.60664884200018
sku0834,21.62988451233648
sku0921,1120.496021050953
sku0316,222.09460369467152
sku2207,195.14068032036312
sku0807,763.4982790313961
sku1464,67.23819717098624
sku2582,22.30389327328033
sku3876,72.72184654626176
sku0755,237.36708870577488
sku2052,10.187484771028615
sku3480,101.10209963811474
sku0832,14.502780946961433
sku1366,115.76796835530611
sku2561,331.05960708591437
sku1831,257.6594681907715
sku2510,458.6350014387132
sku0325,389.9733389713176
sku3126,279.8351885142496
sku2922,198.06412867993774
sku0199,249.39871789468788
sku0596,36.68539811553687
sku1379,91.35928120263756
sku1169,154.32474295281713
sku0787,611.9524099709115
sku2167,361.170334757383
sku1032,1375.2419695561252
sku0411,207.10134166088687
sku1014,273.7620986249676
sku3840,365.0787890305769
sku1038,604.1358794917311
sku2537,699.8226860696392
sku1147,179.15693168348025
sku1042,660.2084706680448
sku0605,435.6143977258139
sku2032,504.1335686181512
sku2545,238.50155485910466
sku1868,48.91623600104909
sku0949,603.902714968438
sku3467,399.8420778174714
sku3419,639.6113977321293
sku2189,248.83836152455518
sku2758,53.18291078215552
sku2696,381.0219512909541
sku0841,354.5403967150584
sku2786,13.748249018817871
sku2048,266.5414583505621
sku1167,159.01287922306628
sku3674,413.8293715534202
sku0064,184.5100750373387
sku2006,37.162287100885514
sku0784,205.7893183620465
sku3059,198.30601899130014
sku0541,907.5837424217751
sku3436,393.7306671884345
sku1659,222.60147020310126
sku2579,150.8367270532968
sku2963,29.664499607749377
sku2914,149.10249926941376
sku1991,816.6328304090998
sku3890,126.48167081447032
sku0084,527.649974652179
sku0227,446.4862048894305
sku0698,143.26009554763544
sku3143,76.8912689330703
sku3500,141.9284852492965
sku0392,412.418587797431
sku0992,177.04417275759863
sku1294,64.85209876811594
sku2415,109.61987444592623
sku1994,305.03709610276155
sku2235,158.84417928680944
sku0550,261.4982995522877
sku0164,578.1883340676147
sku2317,206.43875393136886
sku2624,50.159272188939504
sku1343,572.1989840733133
sku0988,241.1704928235769
sku0386,359.408593567297
sku3063,129.90363767171152
sku1602,81.31991811731001
sku0983,804.802872786087
sku1321,113.09235552849837
sku2901,66.18066409502282
sku0424,119.76868789886095
sku3423,709.3306086440791
sku2517,635.4203839034967
sku2279,477.3180583032502
sku0488,129.18798936465785
sku2684,338.59522992400315
sku3703,68.5787871336571
sku3619,273.29555717651016
sku3543,445.3831713592036
sku0177,385.2425541174797
sku1800,18.199151205770104
sku2604,205.708088827046
sku2611,211.05451380478144
sku1798,325.21948797484947
sku0814,425.96334165122494
sku3317,15.91385529064878
sku1013,701.7985943106028
sku0355,97.18325017818444
sku0301,109.44637693462906
sku0395,91.91145385045067
sku0828,76.39573719267261
sku1653,16.256793923606182
sku2357,1088.6982770258264
sku1396,926.0015312015418
sku1191,453.2528841714536
sku1863,69.35910242150648
sku0920,280.8542828236984
sku0494,33.324764512347556
sku1202,305.568760659797
sku3275,28.809807937055776
sku0538,329.44051629451826
sku0819,202.15845413280005
sku0125,461.7132132720602
sku2576,233.97628628734512
sku0761,69.47093550712184
sku3444,199.1811876193647
sku3802,24.38761539127156
sku1579,82.10313768433478
sku0773,1039.4103567990678
sku0604,134.6390785788622
sku3057,516.1834392847977
sku3280,47.74436473289779
sku3589,20.02929796961765
sku1982,259.9818575087646
sku2443,119.43438891835768
sku1141,407.8774371260764
sku1600,267.32650628398676
sku2039,146.59969499399955
sku1958,614.2383572851629
sku3470,343.0880396616586
sku3147,129.4681092630151
sku1554,186.08289572130283
sku2892,92.45858513462079
sku3396,262.493437208538
sku1393,111.91855783044807
sku0172,286.77195226416154
sku3580,355.99504316422497
sku1560,309.6930517178651
sku3164,1609.5288061226768
sku3096,359.15059918642794
sku3606,331.07532439232887
sku3152,261.7099776914646
sku0528,483.29137419655984
sku2667,486.4474043654266
sku2900,96.60596292345616
sku3869,180.07204547996727
sku3407,60.89332083440645
sku2845,235.63701663195266
sku3898,17.501616647274506
sku0296,496.7793722004081
sku0748,898.7836942148942
sku1662,52.79030641126895
sku3161,128.4049474964982
sku2225,106.09929370500181
sku1847,296.97995104533356
sku3730,255.91576155486393
sku2877,26.11161811780216
sku1910,285.09053257305044
sku3298,453.19748227919524
sku3412,283.85014332617334
sku1471,28.436734528544804
sku1513,272.9375442464717
sku0880,5.563575040346477
sku3498,64.938202685914
sku1407,232.4985086166135
sku1720,89.06999730718205
sku1096,165.21147614081636
sku3822,113.52929995387058
sku3788,35.71274440035209
sku2064,225.03342003228113
sku0534,440.45087468824147
sku3017,386.11640062304036
sku1044,103.89450090552208
sku2742,96.66004778858317
sku0375,577.136227355784
sku1735,232.11273204216536
sku1168,266.2392685333344
sku0268,525.7965751541851
sku2003,139.67470205366544
sku1403,205.20894577185476
sku0098,131.52409223379794
sku2708,54.418845497011326
sku2352,271.1725699013191
sku3181,119.00718510250785
sku3738,388.25580720843163
sku1996,651.1405433208968
sku2216,214.3769315845854
sku1657,391.8615949174221
sku0248,109.21585779037625
sku1311,413.30641978117524
sku2009,151.1400242909385
sku3675,54.94340760923365
sku0422,294.1550555738264
sku0576,484.597277505491
sku0122,748.8889724672025
sku2353,268.93581186651863
sku3425,396.0262838301104
sku2806,291.8794849444807
sku3069,242.13259686310727
sku1306,269.0068983583465
sku1251,891.2932744873508
sku2584,199.65991099436243
sku0412,14.827497906091233
sku1504,495.33957646855885
sku3727,491.0845752912522
sku0922,355.44122911333375
sku0367,40.77886454477738
sku2071,82.65245727458158
sku2093,16.32057407523689
sku2957,549.2536802021782
sku3725,113.0406974030733
sku0250,333.6943079206658
sku2664,203.03434554480773
sku2101,531.2273800639123
sku3061,202.4006915612144
sku1056,88.24884879629288
sku1361,97.8726629888714
sku2871,367.1658133422171
sku1671,728.2060416780376
sku0461,195.06776037111604
sku3293,109.42516359411962
sku2459,357.42343540018965
sku3339,576.3389980102494
sku1336,232.89303596499994
sku0618,268.9706654250336
sku3415,643.2773074352062
sku0335,328.4868977870692
sku1374,382.27567756454476
sku1966,403.37790172270826
sku2249,429.2605907251523
sku2674,334.36877720837396
sku2542,121.63697000389806
sku2261,487.4928235718968
sku2534,222.36760347399039
sku0489,295.99260459450744
sku0142,489.28588675235824
sku2950,62.20614128168147
sku3683,17.934538262189363
sku1949,87.00823750603676
sku2635,437.05254770130307
sku0293,395.5713430387942
sku0655,519.7784517048425
sku0896,126.25168916428632
sku1002,344.0769742132557
sku0187,471.7708238375335
sku2829,253.01669192107272
sku1509,4.086950852596036
sku1840,81.19112861002796
sku1416,164.61180319666448
sku3873,531.0897164760419
sku2331,159.53565890890926
sku2492,77.33240326336802
sku2045,212.65801409051605
sku2417,48.400547331238414
sku1352,796.9626022167726
sku3582,322.58879250798435
sku0079,19.688663153473918
sku1557,192.167390713551
sku2895,137.27355237501362
sku0683,108.4174101358461
sku1282,646.9754287690971
sku3203,273.64533976875884
sku2884,171.65684475116174
sku2843,167.7442450886087
sku0559,263.6086344105741
sku2761,69.09246447693162
sku0476,22.933977061894122
sku0738,599.4786430406041
sku0689,184.86682003213866
sku1740,76.50178031719693
sku3074,56.569426654747616
sku3881,64.96412801747684
sku2327,151.9823704214029
sku1137,50.995483094688346
sku1106,429.55419529396136
sku0715,335.91414120394336
sku2840,270.1093611975791
sku0184,388.27444370503054
sku0166,35.0350623344083
sku1380,555.0464335300194
sku1046,76.83162308004458
sku1559,356.5099374033906
sku3612,201.87078019131695
sku3599,424.9208316670262
sku3617,682.1108188890355
sku3229,148.21702508232323
sku2945,21.74438319980132
sku3060,56.063152833878235
sku1948,126.31290041795411
sku0302,233.09209900663802
sku2518,62.24627961686683
sku1017,69.2923452212375
sku1586,123.87654561304545
sku2435,36.71471119090311
sku1869,398.4044200451998
sku1791,281.5363092375291
sku1809,30.821244480278782
sku2535,86.22616484276983
sku3002,354.8014530498798
sku2005,161.55104561002824
sku1886,93.2305644060449
sku3452,385.5171209302828
sku0366,487.5232147626045
sku3677,274.93503331662697
sku3722,679.3625127023051
sku2187,503.41734256675494
sku0877,147.47593606586065
sku0207,68.50689623856186
sku3031,289.48863990449
sku0297,31.718226246208
sku2224,1090.6719906866892
sku0362,276.60852852393685
sku3122,388.4149274516632
sku3076,176.3308093065529
sku1119,142.2008408189445
sku2125,249.6982067755381
sku0378,156.63352800917076
sku3818,68.10853267969188
sku0811,61.76137363521689
sku3556,202.24199289771246
sku0865,63.333978931259246
sku0903,41.4381236142694
sku0584,340.95132335548783
sku2326,95.80403018103
sku3263,150.1899003453268
sku0431,406.8447701435051
sku0358,189.21809608842705
sku0099,124.06394079402374
sku1692,56.61307123669647
sku3465,501.2322266892241
sku1319,242.04136100150734
sku2647,62.14255984554377
sku1061,64.85020937925987
sku2042,91.93185735459193
sku1198,389.7931349496241
sku2981,83.30502365958161
sku2295,55.9608987463658
sku0267,83.02995255510177
sku2388,283.7835621714536
sku2559,164.07661294307613
sku2931,109.81297758114349
sku1435,67.19927422629175
sku2428,122.90926968843719
sku2043,121.2144521717862
sku1621,44.699524104619705
sku0547,173.02524099238627
sku2369,106.75117854589972
sku0363,113.07202245195656
sku2259,911.5468245384501
sku2391,28.25387369785099
sku0205,148.10726367272161
sku0136,171.27955389026394
sku0038,44.49569469896794
sku3546,133.4097808808471
sku0982,110.62711482043889
sku3121,240.65635252687622
sku0666,35.209500066165475
sku2994,214.9373017895964
sku0460,58.8142219175646
sku0586,882.2331132564148
sku1395,115.59578956015761
sku0973,230.32452794693026
sku1852,257.70364424342387
sku0114,6.1658209220120055
sku3219,53.150327590199744
sku2301,172.8158239213247
sku0947,92.46153943015933
sku2649,57.03898745398814
sku1463,170.10487651194677
sku3408,337.11154458362563
sku1574,546.2826586170459
sku1298,561.408790085091
sku2784,197.09456187988437
sku2832,387.9111007400856
sku1248,235.88875691888035
sku1669,179.80773991255828
sku1390,156.56522500593283
sku3885,99.15279490516116
sku3702,382.67164705899984
sku0414,174.46621232772904
sku1232,82.15670961253574
sku3261,175.7596818437957
sku1862,204.44109133925286
sku2744,69.72155140933285
sku1920,392.5230790185625
sku2366,184.40728135869574
sku3112,37.793167012286716
sku2066,506.57813619149385
sku0063,388.3591948316576
sku1546,96.025321901105
sku3687,60.2188763428098
sku1890,307.8818755508346
sku1441,318.6581816164307
sku3241,505.2105424662295
sku2143,442.29316599590516
sku3250,450.5099376900322
sku2308,269.31343172941
sku0315,64.96158284158659
sku2893,284.62150798352326
sku1109,295.9957182332019
sku1976,440.928301949143
sku2270,275.4152350498904
sku2278,147.25936987979134
sku2767,76.88889357825246
sku1196,201.30227753237438
sku3754,737.6189308318981
sku3744,419.23644212143023
sku2913,114.53208023243874
sku1211,74.26439404778166
sku3247,199.44549379747193
sku0925,463.4954856180756
sku1190,168.64633346020372
sku3309,176.36822931511335
sku2152,126.74495847362968
sku2446,212.42149430591928
sku3510,308.0358881672884
sku3880,475.78109522613636
sku1444,234.0805621885693
sku2983,416.3939026606629
sku3012,71.38243065560742
sku2764,296.8828888389711
sku3566,232.40179270662995
sku2732,292.266812792968
sku0664,475.6736216243886
sku3695,242.29500569364214
sku3049,205.38092820254457
sku1891,43.95384548155844
sku2453,104.73502010182831
sku3864,278.73627318473046
sku1568,197.99246301307682
sku0859,35.04081294120591
sku1780,399.8679354747784
sku1122,366.67415546717945
sku0425,447.97525705111656
sku3870,83.16208489103045
sku0485,628.3989416328106
sku1149,82.54115353697146
sku3432,64.53142105821652
sku1067,57.10060179883813
sku0678,156.7049238088991
sku0545,164.5049129432459
sku0961,73.95589176802106
sku0640,291.67257837782756
sku2436,131.14861238715636
sku2328,96.29271347131579
sku2743,44.1213325621474
sku0432,121.32352546912226
sku3591,4.093188362106046
sku0801,260.03233123163903
sku0517,45.90647345747337
sku1034,26.815309597416555
sku1548,9.749240966943937
sku2131,239.86226649240987
sku1367,15.248004101546062
sku2338,174.0815843756765
sku2818,258.89083171682137
sku0365,11.42318438830268
sku2494,385.5111849534322
sku2888,154.67947023111407
sku1799,40.50117354183053
sku3824,81.36598137417553
sku3767,899.7131301681418
sku1039,406.1989429527101
sku2713,64.32811711710201
sku1329,26.171301851393192
sku3355,45.44227429858525
sku1296,178.94466669074137
sku1474,290.9838194903482
sku0532,127.85716994137013
sku2228,193.5267566697909
sku2358,23.154375993394552
sku2954,536.3481048235747
sku1762,201.57352940271912
sku0630,100.86107912024622
sku1773,89.15161692910654
sku1542,580.281872418528
sku2577,8.004960482421069
sku0663,50.877122925250355
sku3798,478.97627763550065
sku3583,86.26616249409096
sku1723,53.857339601403794
sku3336,201.5326205478296
sku2739,231.63417427441883
sku2539,354.17974725742965
sku0298,394.3957860643625
sku1857,145.6931558676341
sku0657,29.855813659877093
sku0624,241.53989898223082
sku1639,139.51850437825905
sku1858,122.34252630341622
sku3116,460.11811436195194
sku3506,303.2863957814824
sku1097,33.766211706973245
sku0847,239.5989423665785
sku3362,144.02729208065236
sku1652,262.9877467402129
sku3342,662.0477469253987
sku3642,128.039010700888
sku0208,809.159289015176
sku2752,246.80854912429845
sku0788,576.7597814811038
sku0328,48.140996451606185
sku0908,211.05701114459933
sku3177,171.9245059839825
sku1855,26.79169120732382
sku2499,121.30477400766141
sku1422,272.1848808726377
sku0646,177.56885526305027
sku2255,138.67660396615878
sku2236,425.99115636206875
sku1707,46.80060817448451
sku1624,86.35630196550888
sku1462,143.26583497625327
sku1086,1027.837752489623
sku3899,353.658304773108
sku1925,3.5269962180274868
sku1313,69.64537620801457
sku1417,112.02086985764961
sku1555,589.5507881921559
sku1129,201.49267274688086
sku0402,389.1099582002845
sku1575,104.30759192495182
sku2778,53.538071480595384
sku2802,337.37625373690213
sku2970,22.442630640655935
sku2120,201.05892652229798
sku0312,161.90759183914585
sku1969,188.01893591813538
sku2976,430.25508973891266
sku2041,77.69326021043946
sku2532,476.16069035732596
sku3015,204.31427200886625
sku1245,238.85680482037378
sku2642,88.82197662776748
sku0026,271.93907387338345
sku1540,177.23431248903003
sku0519,132.13630845808137
sku2027,414.0279449137986
sku0115,82.39082851132169
sku2733,1092.876499156888
sku2695,432.5152348269221
sku2198,135.6503149130345
sku2600,79.99709967117518
sku1688,94.16941620106087
sku1712,231.81258964147486
sku3193,255.68105552212563
sku2920,401.69524118491927
sku2968,77.70868319653509
sku0857,268.19850135307115
sku1392,667.8603607417122
sku3512,200.14151153175857
sku2639,91.72881705834061
sku0860,243.75418627502964
sku3842,187.36193939417632
sku1804,196.30613896845043
sku2805,13.608868307684475
sku0987,67.31946924665604
sku3735,102.74883189114654
sku3545,638.3488646545813
sku3522,110.94312859760572
sku0483,745.2938689932103
sku0620,122.22758016235707
sku2599,451.4621933024838
sku1937,99.21216697675476
sku2859,86.79155713962058
sku0081,121.12599456542615
sku3536,321.5846610890086
sku0509,27.04939391598697
sku1499,38.221032592876696
sku3348,17.453284510140737
sku2864,167.661940473954
sku1726,134.0600707104737
sku0691,99.38006506323273
sku3210,129.01925188533204
sku0451,14.652624919440846
sku1786,178.54754163611105
sku1501,31.05552706784291
sku0712,34.222012522694115
sku0032,401.3074451580784
sku0245,435.34914014171625
sku0427,345.2491822326965
sku2102,156.3445743776095
sku0991,366.65489379700443
sku3256,30.690116027093815
sku2740,318.1113273494384
sku0746,61.508606633329904
sku3874,144.67693325653818
sku0251,177.92193033880193
sku3875,230.88446631549698
sku0242,485.28428146740055
sku3328,295.774208350935
sku0107,125.60475145614447
sku1697,65.11617791474212
sku2973,281.586702154044
sku2627,184.02701845481906
sku2190,20.876031506183462
sku2106,215.09182834173262
sku2813,179.64682153334505
sku2416,130.47559087847924
sku1970,183.09172529996613
sku2723,467.0727066446971
sku2644,148.94083684360837
sku1386,219.05869369220233
sku0806,45.241709666009996
sku3753,957.9471528932048
sku2070,186.4492055727727
sku3242,52.389590005920574
sku0396,297.2625938144225
sku0190,183.81482736088358
sku3379,21.816436108264345
sku2735,64.86276594192184
sku3154,243.97328410893033
sku0163,511.4703215670984
sku1742,534.6776264513908
sku1322,88.44842903624729
sku2830,109.79827714103118
sku2290,389.59613335585885
sku2159,31.776688218037737
sku1685,248.43399541554632
sku0343,18.07469918736619
sku0869,33.36079862912197
sku0257,410.3765899197697
sku2581,338.53562889509317
sku0745,472.1899200958173
sku0883,36.65582822927551
sku1889,902.0953713144589
sku0525,119.62010945964637
sku2631,198.0698951021764
sku3679,684.8733038193657
sku1689,39.66766625623701
sku1725,186.08467649080114
sku0613,377.3379060332821
sku0465,49.08889387736794
sku3307,219.18547270822688
sku3142,50.391171692251575
sku1768,173.731126683316
sku3544,869.4146188012526
sku1178,241.93094674022325
sku3492,692.7987281652656
sku2496,343.99710701399056
sku0742,19.00456944347692
sku2122,459.1556650066142
sku3207,371.82496072548844
sku3645,655.4841282655541
sku0046,15.04301756728341
sku2214,137.28236826627332
sku3283,116.05882928824407
sku0057,508.49383920333486
sku0668,405.88065207788014
sku1983,191.510865024874
sku3712,313.2885910489537
sku0065,588.5860871326371
sku1429,290.9921455182933
sku2935,495.68423476544
sku1066,16.352472140560543
sku1658,459.8413646069195
sku0492,14.266227589133349
sku0871,491.9694876284848
sku1432,14.979494586787084
sku0129,20.54809361569296
sku0686,306.1284920920891
sku0405,156.62002575214584
sku3469,32.20775073976529
sku2566,296.752843067121
sku3896,221.88175458001695
sku0347,166.53680688331855
sku1795,893.1822855355068
sku3169,160.5711910745215
sku1884,532.4659851941336
sku0984,391.0654938011397
sku1150,239.0649946278633
sku2816,110.9781830281554
sku1440,162.49122793653135
sku0382,358.94789708279654
sku0364,16.227755194068564
sku3165,298.1404232463846
sku1729,141.15134769576025
sku1645,139.7255626465078
sku0793,228.22161762900393
sku0521,145.57464075315306
sku3833,49.23466819872026
sku3844,24.25829060793136
sku3854,58.80970481879215
sku2287,347.7668606474673
sku3217,496.1154891100104
sku2736,202.9834279055977
sku3764,80.55234545673974
sku3329,271.8025665799787
sku0631,359.9876595555622
sku1134,192.90621577929176
sku2085,147.00175545160636
sku2681,255.4449962609381
sku2941,48.81773490477414
sku1339,66.62787560060318
sku2939,113.72728580036203
sku2126,20.98126184177728
sku0168,30.133164574337414
sku0401,196.34686007503046
sku3562,43.17942530790417
sku3252,79.3388302009399
sku1135,172.90630282571894
sku2012,249.6486982308894
sku2411,491.21127609849214
sku1224,21.87695484599455
sku0752,338.8668099065011
sku0524,98.78194202158754
sku0758,61.89115422855405
sku3835,461.22248642969987
sku3249,413.6901149700509
sku2602,61.37009225796346
sku1377,59.405920772967775
sku3637,240.85152168063613
sku2887,111.88166911630194
sku1528,43.75192421061194
sku1155,339.6664363598461
sku1338,21.386515927584625
sku2980,94.13713845126605
sku3694,240.58104619030834
sku0533,98.8289762362734
sku3581,82.97011331887235
sku2211,51.536366612773264
sku3041,36.7510719548895
sku1289,824.5176276496825
sku3665,155.63207565556488
sku3579,149.48519973510108
sku2434,27.253104894020726
sku1075,224.9237076755602
sku2174,79.36428483735786
sku0598,116.01056050415882
sku3777,188.65520274962103
sku1561,109.99928742041273
sku0139,169.2987661738159
sku3409,71.71134102721886
sku2432,74.44248363542073
sku0685,78.74848598517703
sku2779,85.21897285525017
sku3196,198.41970016935363
sku1812,71.01685349430547
sku3755,404.992175053565
sku0498,61.99152672330884
sku1763,472.5444576152696
sku2373,94.76924809837112
sku0023,226.35973367361527
sku2978,119.09864650375226
sku0173,152.28039511108483
sku2130,191.49775953024584
sku2575,404.31165400860544
sku3709,197.1409903423162
sku3460,179.26053322530748
sku2687,300.5614623942858
sku1268,36.90798665072785
sku1212,74.15105655166748
sku2923,353.64637804690153
sku1363,694.2152679230422
sku3361,737.7055218427515
sku0965,348.1957259884423
sku2121,214.02809216332065
sku3857,77.10599763223603
sku3837,401.9719966713092
sku3188,145.29823505060753
sku1834,242.3667303850791
sku0910,262.82469353400484
sku2671,54.77190787700137
sku3089,295.28296188720674
sku3676,194.72738748905732
sku3849,76.8108633913707
sku0565,38.228181471173095
sku1045,42.804176717909876
sku3176,69.42602298278398
sku3631,478.44126685470286
sku3458,161.67612247792192
sku1054,93.34231338151605
sku0148,159.95073146659405
sku0281,187.47139601539286
sku0993,118.26397315801688
sku3789,183.95168139016477
sku1475,87.48784324910623
sku2856,65.37967639587671
sku2609,20.749355040205398
sku1618,108.54830776993542
sku1952,210.48803137849345
sku2372,259.9978022961457
sku0123,200.14631408404267
sku3303,456.7617821632804
sku0152,299.6462837330813
sku0496,345.8238543161224
sku0234,323.08816570504393
sku3453,372.94753187732346
sku2450,295.5959356220054
sku2974,73.04312459321586
sku2257,173.06726084800408
sku2137,121.47487284160617
sku0729,64.08929073513771
sku2812,96.86990939451036
sku0096,259.64503192426696
sku1612,123.46320512032166
sku1275,473.9659179816456
sku3713,303.33273371113035
sku0052,93.35041888437715
sku2098,109.83499568161491
sku0718,67.0320519178098
sku1022,119.05104531860486
sku0179,155.47981858456043
sku3435,348.65071982318125
sku0319,41.674977967230525
sku2506,49.05422110705507
sku1486,226.40605021039892
sku0464,73.98786189580906
sku0380,109.0648914437652
sku2483,174.165070495931
sku0551,160.73390453789952
sku0404,33.05909485932937
sku0976,138.75489194661893
sku2075,124.63290950919958
sku3836,62.105070888880306
sku1567,478.94856671326926
sku2558,100.83567574290186
sku3461,29.179637660714935
sku0060,339.8739484734694
sku2911,106.70669869984772
sku1308,18.25549057424793
sku0942,190.5564852768663
sku2704,248.13883753321167
sku2387,26.321983046174935
sku3640,826.1421388405754
sku0891,204.02479190874746
sku0021,280.41118770879007
sku2527,193.8703162396809
sku2634,155.72449534482996
sku2787,219.0074248258301
sku2029,291.1758254317487
sku2967,274.9147014994679
sku3660,205.69000720469276
sku2550,69.26335033615693
sku2389,97.02525311461325
sku1008,138.77890586100958
sku0175,120.68935026900172
sku3282,264.1143241281104
sku0271,26.6165260218144
sku0282,204.0320637215891
sku1802,29.8846638519004
sku1267,31.334112921475104
sku1261,23.64787539104528
sku1781,798.7167183546682
sku2586,175.7782348369872
sku2653,104.11445469096162
sku2194,42.05608281700945
sku2015,34.44428568513413
sku1531,139.43961052644548
sku1750,81.97421258907379
sku0647,76.4825849151496
sku0443,38.679213819627606
sku0934,453.08315103748726
sku2232,23.755787599829887
sku1473,192.92618457849093
sku3447,285.6153588664019
sku3279,190.0844592366933
sku2370,15.899400555497536
sku0221,398.4966352886187
sku2467,145.3126014422462
sku1625,345.50068582397796
sku1001,361.2311510441901
sku3539,190.80801967366722
sku0238,76.50083573950297
sku2132,379.4236297101271
sku2721,225.14887340497143
sku0632,321.78557536359085
sku0357,201.74645195089673
sku3064,491.0476493226257
sku2811,11.263188174043112
sku0307,50.06748772497939
sku0469,311.69044634771416
sku2421,304.07746948276804
sku2986,113.88946835097761
sku0373,43.449365445584206
sku2090,83.37502177779882
sku0394,34.188542179135716
sku0558,343.21886389134215
sku0936,298.1722434334194
sku1445,32.192960486403194
sku0583,108.85328322506089
sku1728,245.2081159643546
sku1898,208.9916967982456
sku0731,76.16233364048756
sku0058,216.91042065472692
sku3569,178.24110361953134
sku0368,293.76459983199675
sku1410,610.8494233945187
sku3603,179.7460996717713
sku2597,295.74233108729936
sku3691,299.0050207502878
sku0197,185.6401284563179
sku1892,28.383878639365697
sku1479,39.64441967113545
sku0728,369.89894834901
sku0939,82.83984530410486
sku3090,404.1166165981571
sku2646,85.40456893811194
sku0191,409.87727890699415
sku2336,180.58177556704806
sku3062,497.2158416050099
sku3291,13.02134664937093
sku2109,71.62764963154633
sku2659,368.87618913629814
sku2099,114.14728892645245
sku2184,51.11150746017129
sku1914,25.071108079902828
sku3450,180.23507981126198
sku0089,93.11194214954573
sku0802,322.3451990042487
sku2060,54.680991722438364
sku2691,216.01178414069267
sku0196,95.46077777453846
sku3349,398.3082652605202
sku0475,29.828686523734866
sku3310,78.61108008110885
sku2909,41.716431126859504
sku3406,66.39194388881874
sku1230,26.550300381143526
sku0591,312.3470826947575
sku2621,271.2528307371401
sku2148,163.47325247919514
sku0957,98.21746549521394
sku0858,302.4604601267184
sku1317,292.01101659090614
sku1391,353.93531300050546
sku0351,418.5086590770692
sku2205,44.44942702393399
sku1700,53.5340975869012
sku2323,184.71624633891733
sku2351,319.92928287255603
sku1682,500.0513167859988
sku1154,96.44985670150263
sku0416,21.856597419328995
sku1772,237.78730627519374
sku2995,84.85764475345141
sku1715,34.31183592666983
sku2335,172.31038202856425
sku1239,208.3380545135183
sku1648,5.998405257183123
sku2390,282.2519807526593
sku1028,290.060955978562
sku0785,152.4585654764984
sku3669,50.37226682244475
sku1084,295.42788074850796
sku2036,160.38812645409737
sku1760,159.78224313055787
sku3483,245.8019394660578
sku2181,71.43916673973902
sku0526,384.7567198480419
sku0149,183.46339459056827
sku2626,490.7656731166187
sku3495,199.51191223839413
sku0299,9.673896487280096
sku1980,200.17227736860556
sku1610,45.370300428569344
sku3525,171.35664704624094
sku3741,135.98510248973358
sku1082,58.549280664576685
sku1981,72.41369007356958
sku1214,200.9965828294757
sku1928,28.239234266424816
sku2218,3.6684611282755104
sku1843,373.4199590259866
sku0634,314.91334059081976
sku1774,67.43555196069899
sku1824,149.97471800931413
sku1382,11.89388863766415
sku0531,59.47360500275992
sku3625,362.29166842878044
sku3496,18.071255321871636
sku1730,288.2104345875635
sku0263,134.8310967173895
sku0546,296.564978526748
sku3611,16.730014262080957
sku2311,179.2116191746016
sku3156,307.75468623452605
sku0385,116.40275164993065
sku1977,343.0877412001332
sku3106,365.4194971277809
sku1595,72.436967938284
sku2898,164.44621404706953
sku1254,4.227621241936427
sku3243,97.00069424499863
sku1153,93.70840309971292
sku0873,343.1719247233332
sku0053,167.28732808029395
sku0066,210.98667147805497
sku1719,165.47006369789625
sku0627,47.712397459633706
sku1189,461.92481516344805
sku3851,583.558958605596
sku1951,23.78195492217584
sku3794,20.584290398725834
sku1334,394.1724278819311
sku3607,294.3869254050377
sku0348,151.20787130901778
sku2540,43.45531885717861
sku2574,102.28105581381124
sku0215,353.7492683196371
sku2489,119.15240076744473
sku0878,211.60348182045183
sku3488,203.7776007565953
sku1421,357.18732114989604
sku2594,15.014097950237069
sku2809,372.13518132150796
sku2790,125.9909244804783
sku1193,389.6274012857285
sku3166,306.52879454817554
sku1580,37.20403684489075
sku2501,29.237073130957956
sku3861,16.80386786537018
sku3086,59.467379321385216
sku3779,72.16677978762964
sku0523,186.50017714947498
sku1270,163.3035244212121
sku3340,161.04702457606345
sku2678,174.45529340399023
sku2414,63.20246519126473
sku3197,144.1087930278842
sku1459,203.7682210600591
sku1078,10.109321031488358
sku0739,28.1516412075043
sku2763,395.14927979534093
sku0332,253.00829669375617
sku3124,52.20956122050673
sku1055,310.12954638250557
sku2038,189.8736062834405
sku3440,139.8816818547893
sku0579,506.86367950093756
sku0308,4.707680287305269
sku0145,362.522117780835
sku3226,63.359761348652356
sku3266,107.65313829709383
sku2014,261.9652600989708
sku0078,56.82184813641398
sku1748,124.47523606828337
sku1113,25.624339094445876
sku2718,148.07914890608694
sku2239,70.4524437927156
sku0914,74.15343770860824
sku0759,38.861920021135035
sku2775,190.91357136064468
sku2179,107.86025114130193
sku2423,25.83418484108778
sku1924,46.724980130161015
sku3001,134.76316542027772
sku3008,231.9065706069473
sku2206,68.34508498587734
sku2164,96.04445151260937
sku0772,86.82942889003364
sku2247,66.48442622324119
sku3382,92.61182612894521
sku3308,34.40086119433975
sku1849,330.03448131960994
sku0087,203.44538428178066
sku3191,99.97635225033953
sku0855,35.97058249431316
sku2933,334.8493252085237
sku1108,235.88371268924493
sku0024,457.12578384417986
sku0926,153.7275044738706
